name,rating,students_gpa
Daniel Abadi,3.075,3.04
Hossein Abbasi,3.7195,3.02
Jamaal Abdul-Alim,3.6667,2.84
Eyad Abed,4.3333,2.78
Katharine Abraham,5.0,2.38
Michael Abrams,2.6667,3.2
Pamela Abshire,4.125,3.5
Cecile Accilien,4.6667,3.87
Ana Acedo Garcia,4.36,3.24
Christopher Ackermann,4.0,3.29
Jeffrey Adams,4.4444,2.93
Muna Adem,4.8889,3.55
Eric Adler,3.8333,3.16
Raymond Adomaitis,4.75,3.47
Rajshree Agarwal,5.0,3.04
Kaustubh Agashe,4.5,2.62
Mohamed Aggour,5.0,3.46
Omar Agha,5.0,3.12
Damena Agonafer,5.0,3.53
Ashok Agrawala,2.25,3.64
Nahid Ahmadian,3.25,2.65
Wei Ai,4.0,3.46
Sami Ainane,3.2727,2.52
Nahal Akbari-Saneh,5.0,3.12
Kumiko Akikawa,4.6667,2.56
David Akin,2.4737,3.69
Monerah Al-Dubayan,5.0,3.78
Samah Al-salami,5.0,3.15
Mohamad Al-Sheikhly,2.6667,3.82
Fardina Alam,4.05,3.72
Anna Alberini,2.0,3.1
Paul Albertus,5.0,3.04
Hector Alcala,4.0,3.53
Linda Aldoory,5.0,3.62
Christine Alexander,3.1667,3.75
Millard Alexander,2.1667,2.76
Patricia Alexander,4.4167,3.7
Thomas Alexander,5.0,3.13
Charles Alford,4.1429,3.55
Asim Ali,3.6667,2.92
Lutf Alkebsi,4.0,3.3
Todd Allee,3.9,3.34
Stephanie Allen,4.0,2.93
Robin Allen-Klein,4.75,3.61
John Aloimonos,2.2963,3.73
Zoe Alsop,5.0,3.39
Josh Alvizu,2.3333,2.65
Edward Alwood,4.65,3.12
Amde Amde,3.0,3.58
Jennifer Amilivia,3.8,3.72
Esthus Amos,2.75,3.4
Tejwansh Anand,4.0,3.69
Anand Anandalingam,2.625,3.43
Elaine Anderson,4.6667,3.74
Paul Anderson,4.7778,3.34
Samira Anderson,5.0,3.84
David Andrews,4.5,3.22
Norma Andrews,4.8571,3.5
Katryna Andrusik,4.2,3.58
T Anenson,5.0,3.29
Juan Angueyra,5.0,3.78
Mikhail Anisimov,1.5714,3.3
Sreeramamurthy Ankem,3.0,3.39
Steven Anlage,5.0,3.29
Margaret Antonisse,3.84,2.72
Thomas Antonsen,3.25,3.28
R Apter,4.8,3.5
Jose Aranda-Espinoza,1.5833,3.45
Ricardo Araneda,2.25,3.7
James Archsmith,3.3333,3.44
Ricardo Arevalo,2.0,3.18
Luka Arsenjuk,4.8333,3.41
Bahar Asgari,4.5833,3.09
Elie Ashery,3.2,3.52
David Ashley,2.5556,3.7
Jennifer Ashlock,2.3462,3.04
Jason Aston,5.0,3.44
Renee Ater,3.5,3.24
John Auchard,4.25,2.78
Jonathan Auerbach,3.6,2.63
Steven Ault,3.0,3.79
Mark Austin,2.6667,3.5
GerShun Avilez,5.0,3.08
Ahmet Aydilek,3.8571,2.89
Bilal Ayyub,4.1429,3.3
Mira Azarm,3.4,3.46
Shapour Azarm,2.0,2.99
Behtash Babadi,4.75,2.65
Eni Baballari,3.75,3.14
Ayanna Baccus,5.0,3.89
Drew Baden,4.6667,1.36
Soyoung Bae,3.25,2.95
Gregory Baecher,4.3333,3.37
James Baeder,2.0,3.32
Hester Baer,5.0,3.04
Elizabeth Bagley,5.0,3.81
Giovanni Baiocchi,5.0,3.66
Cliff Bakalian,3.3725,3.39
B Balachandran,3.5,3.08
Sharada Balachandran Orihuela,5.0,2.77
Radu Balan,2.8333,2.62
Andrew Baldwin,5.0,3.63
Melinda Baldwin,5.0,3.5
Michael Ball,4.0,3.49
Robert Ballenger,4.8182,3.59
Antoine Banks,3.75,3.6
John Baras,1.0,3.52
Brent Barbee,4.75,3.35
Tony Barber,2.0,3.64
Maria Bardossy,2.037,3.27
Alexander Barg,2.5,2.68
Danielle Barker,4.0,3.91
Drew Barker,4.2,3.66
Maissam Barkeshli,2.5,2.77
Elsa Barkley Brown,2.5,2.58
Joseph Barnet,4.8974,3.43
Sabrina Baron,4.25,3.1
Francisco Barrenechea,4.625,3.38
Rabiatu Barrie,4.6667,3.26
Rajeev Barua,3.7647,3.32
Progyan Basu,3.5468,3.29
Anthony Batts,4.3684,3.33
Ralph Bauer,3.2857,2.53
Ashley Baxter,3.2469,2.85
Catherine Bayly,4.3333,3.26
Amr Baz,5.0,3.74
Michael Bazaco,5.0,3.11
Mohammad Bazargan,5.0,3.46
Jeffrey Beans,1.6957,3.1
Kenneth Beck,1.0,2.84
Emily Becker,5.0,3.35
Andrew Becnel,3.5,3.34
Thomas Beigel,4.0625,2.77
Dori Bejleri,5.0,2.94
Maria Beliaeva Solomon,5.0,3.14
Richard Bell,4.5455,3.07
Alberto Belloni,2.3333,2.87
Alexandra Bely,3.64,3.53
Mollye Bendell,5.0,3.36
Sarah Benharrech,3.0,3.32
Carmen Benito-Vessels,4.1429,3.52
Ralph Bennett,1.6,3.13
William Bentley,4.5,3.68
Kenneth Berg,4.2,2.74
Allison Berland,4.8182,3.71
Peter Bernard,3.6,3.05
Edward Bernat,2.3333,3.65
Tom Bettag,1.0,3.36
Ben Bezejouh,2.0556,1.95
Abhinav Bhatele,3.0769,3.11
Samrat Bhattacharjee,3.2083,2.49
Sayan Bhattacharya,4.8,3.1
Shuvra Bhattacharyya,1.5,3.63
Harjit Bhogal,4.8182,2.4
Janna Bianchini,3.5882,2.7
Hilary Bierman,1.375,3.85
David Bigio,2.5714,2.81
Johanna Birnir,3.0667,3.43
Debabrata Biswas,2.0,3.51
Margret Bjarnadottir,4.0,3.48
Brian Blair,3.8182,3.47
Daniel Blair,3.6176,3.0
Jack Blanchard,4.3333,2.96
Jason Blazakis,5.0,3.61
Tonia Bleam,4.52,2.72
Neil Blough,4.1,3.02
Kevin Bock,5.0,3.5
Bradley Boekeloo,2.0,3.4
Vijaya Bohlmann,3.2857,3.54
Alberto Bolatto,3.2143,2.96
Donald Bolger,5.0,3.69
Augusta Bolles,1.0,3.29
Marjorie Bonavia,4.0909,3.17
Eric Bond,5.0,3.34
Robert Bonenberger,4.5313,2.52
Santiago Bonetti,5.0,3.97
Christopher Bonner,4.25,3.34
John Bono,3.8537,2.44
Gerald Borgia,1.6875,3.12
Antoine Borrut,4.375,2.26
Patricia Bory,4.5,3.66
Caroline Boules,4.5,3.46
Mrim Boutla,4.4286,3.84
Mary Bowden,4.9063,3.63
David Bowen,4.5,3.6
Henry Boyd,3.3448,3.33
McBlaine Boyle,2.9615,2.1
Meleah Boyle,4.5,3.02
Rachael Bradley-Montgomery,1.0,2.82
Serguey Braguinsky,4.0,3.61
Robert Brame,2.5714,3.13
Joseph Brami,3.0,3.42
Amelia Branigan,4.7647,3.06
Steven Brauth,4.0833,3.12
Jorge Bravo,4.5,3.32
Christoph Brehm,4.0,3.1
Heather-Erin Bremenstuhl,2.3636,3.57
Holly Brewer,1.6,2.77
Robert Briber,4.3333,3.39
Stephen Brighton,4.125,3.29
Volker Briken,3.9,3.56
Margaret Brindle,4.0,3.57
Andrew Broadbent,3.0,3.42
Jesse Brooks,4.3333,3.41
David Brookshire,5.0,3.39
Patrick Brosnan,2.6739,3.05
Amy Brown,3.5,3.51
Andrea Brown,5.0,3.85
DeNeen Brown,4.5,3.8
Elizabeth Brown,4.7692,3.64
John Brown,3.0,2.49
Madeline Brown,5.0,3.37
Jyana Browne,4.3333,3.39
Shannon Browne,5.0,3.47
Sara Browning,5.0,3.48
Dina Broydo,2.5,3.43
Kaye Brubaker,4.5385,3.43
Tom Brune,4.0,2.09
Jaclyn Bruner,4.75,3.49
Emily Bruns,4.8571,3.38
Rod Brunson,2.0,3.16
Robert Buchanan,3.0,3.09
Gregory Bucher,4.75,3.28
John Buchner,3.375,3.28
David Buehrle,3.21,3.23
Gary Bulmash,4.8235,3.03
Cody Buntain,3.7143,3.15
Harold Burgess,5.0,3.54
Amy Burk,5.0,3.3
Juan Burke,4.2,3.52
Alison Burns,5.0,3.78
Michael Busse,4.2857,3.33
Kendall Bustad,3.5455,3.68
Maria Bustamante,4.5,3.1
James Butler,5.0,3.76
Lucas Butler,3.375,3.47
Daniel Butts,3.8333,2.97
Joshua Buursma,5.0,3.62
Mary Byrne,4.3333,1.47
Natasha Cabrera,3.0,3.38
Christopher Cadou,2.1333,2.8
Jing Cai,5.0,3.58
Richard Calabrese,4.3333,3.24
Kevin Calabro,4.625,3.19
Jose Calderon,4.619,3.22
Alexandra Calloway,4.375,3.35
Ernesto Calvo,3.0,3.66
Maria Cameron,2.2941,3.01
Sarah Cameron,2.5,3.01
Herve Campangne,5.0,3.38
Susan Campbell,4.0,3.4
Evelyn Canabal-Torres,3.7857,3.01
Alejandro Caneque,3.0,2.54
Eugene Cantor,4.9,3.33
Timothy Canty,4.1282,3.51
Sean Cao,4.0,3.55
Christopher Capp,4.2857,3.06
Melissa Caras,2.0455,2.64
Shannon Carcelli,5.0,3.44
Fabrizio Cariani,3.5,2.55
Karen Carleton,4.65,3.57
Dylan Carpenter,4.3,3.56
Marine Carpuat,4.0,3.09
Catherine Carr,2.0,2.66
Mark Carroll,3.5,2.95
Peter Carruthers,4.0,2.53
James Carton,5.0,3.56
Maud Casey,5.0,3.55
Jude Cassidy,1.5,3.53
Danielle Catona,4.0,3.94
Tracey Centorbi,2.7,3.0
Sandra Cerrai,3.6667,2.6
Zackaria Chacko,3.9091,3.08
Steven Chadwick,3.6111,2.7
Robert Chambers,4.2,3.15
Joel Chan,5.0,3.61
Caren Chang,4.0,3.43
Dean Chang,5.0,3.58
Elizabeth Chang,3.0,3.09
Peter Chang,1.8667,2.51
John Chao,3.5,2.21
Yanne Chembo,4.6,2.84
Alexander Chen,4.6667,3.5
Gilad Chen,5.0,3.38
Lei Chen,4.25,3.38
Po-Yen Chen,5.0,3.72
Yizheng Chen,1.5,2.69
Zhi-Long Chen,3.6667,3.2
Janet Chernela,3.0,2.89
Robert Chester,4.75,2.81
Talia Chicherio,5.0,2.91
Amanda Chicoli,3.4103,3.29
Andrew Childs,4.625,2.85
Robert Chiles,4.8,3.47
Ira Chinoy,5.0,3.74
Jennifer Cho,4.875,3.71
Robert Choflet,4.375,3.22
Deokhyo Choi,5.0,2.74
Jason Choi,5.0,3.51
Inderjit Chopra,1.0,3.51
Nikhil Chopra,3.3333,3.03
Aristos Christou,2.75,3.17
Andrea Chronis-Tuscano,4.0,1.78
Julia Chuang,3.5556,3.5
Patrick Chung,2.6667,2.95
Peter Chung,3.0,2.95
Wilbur Chung,5.0,3.66
Michael Cichello,4.8333,3.3
Cinzia Cirillo,5.0,3.67
Andrew Cissna,5.0,3.68
Brian Clark,4.9,3.45
PATRINA CLARK,1.0,3.6
Aris Cleanthous,4.2917,3.13
Tamara Clegg,4.25,3.42
Roxanne Clements,5.0,3.21
Dionne Clemons,4.6667,3.65
Tyrone Clifton,5.0,3.63
Alisa Clyne,4.0,3.21
Diana Cochran,2.8462,2.81
Erica Cochran,3.25,3.03
Joshua Cocker,4.9375,3.68
Hananya Cohen,4.25,3.79
Joel Cohen,2.4211,2.57
Melanie Cohen,2.0,3.35
Philip Cohen,4.0,2.76
Thomas Cohen,3.8571,2.45
Anthony Colantuono,3.8889,3.46
Gary Coleman,3.0,3.54
Linda Coleman,3.4667,2.56
Kim Coles,3.6,3.21
Theresa Coletti,4.0,3.03
Michael Collier,4.4286,3.38
Wiehrs Collier,3.0,3.7
Merle Collins,3.4,2.85
Patricia Collins,5.0,3.29
Shannon Collis,5.0,3.31
Marco Colombini,3.0,2.73
Reid Compton,2.8261,3.6
Elizabeth Conner,2.8333,2.76
Brian Connor,4.4,3.21
Emily Conover,5.0,3.54
Marianne Conroy,2.4,2.86
James Conway,4.4691,2.68
Todd Cooke,4.3333,3.7
Nicole Coomber,4.2,3.73
Bernard Cooperman,4.0,2.76
Martina Copelman,3.2222,2.54
Michael Coplan,4.0,2.81
Kathryn Corby,5.0,3.66
Humberto Coronado,3.8,3.28
Thomas Corsi,5.0,3.74
Paul Cote,4.6818,3.38
Rachel Cote,5.0,2.83
Peter Coughlin,3.0323,1.82
Jacob Coutts,4.5385,3.68
Merrilee Cox,5.0,3.22
Patrick Craig,4.3333,3.19
Peter Cramton,3.7143,3.07
Christopher Crane,5.0,3.38
Nia Crawford,3.4,3.08
Kelly Cresap,3.75,2.99
Michael Crescimanno,3.5,2.83
Daniel Cristofaro-Gardiner,5.0,3.16
Jon Crocker,5.0,3.6
Sarah Croco,3.3333,3.33
Maureen Cropper,4.9412,2.3
Susanna Crowell McQuarrie,5.0,3.74
Nicole Cuffy,4.5833,3.58
Qingbin Cui,3.125,3.31
Michel Cukier,1.3333,3.44
Graham Cullen,2.0,3.36
James Culver,5.0,3.58
John Cumings,3.3333,3.57
Michael Cummings,2.8,3.13
David Cunningham,4.5,3.34
Kathleen Cunningham,5.0,3.64
Lacey Curry,5.0,3.49
Wayne Curtis,4.0833,3.59
Wojciech Czaja,3.9143,2.82
Julie Daberkow,4.6364,2.48
Adina Dabu,5.0,3.29
Dana Dachman-Soled,4.0,3.01
Mario Dagenais,3.0,2.95
Liam Daley,4.75,3.63
Cher Dallal,3.5,3.78
Sarah Dammeyer,4.9091,3.52
Brian Danielak,3.7692,3.49
Amber Daniels,4.1429,3.53
Kevin Daniels,5.0,3.6
Richard Daniels,4.0,2.72
Ayodeji Dapherede-Otusanya,3.8,3.21
Lindley Darden,5.0,2.58
Nasim DarouieHaghighi,2.5,3.11
Tamas Darvas,4.4615,3.03
Siddhartha Das,4.0,3.48
Abhijit Dasgupta,4.25,3.01
Anmol Dash,3.0,3.37
Protiti Dastidar,3.4444,3.3
Hal Daume,2.5556,3.4
Gemirald Daus,1.5,2.86
Joshua Davidsburg,3.0,3.45
Allen Davis,3.0,2.87
Brian Davis,5.0,3.17
Crystal Davis,5.0,3.64
Jeffery Davis,4.6842,3.38
Jeron Davis,4.4,3.58
Larry Davis,3.0,3.19
Lisa Davis,5.0,3.66
Melvette Davis,4.5,3.3
Zohreh Davoudi,2.6,2.66
Theodore Dayie,3.1111,2.36
Robert De Keyser,2.3846,2.9
Pierre De Leo,4.5,3.34
Andres De Los Reyes,5.0,1.89
Skye De Saint Felix,4.5,3.7
Stacey Decker,3.0,3.84
Andrew Delfino,5.0,3.64
Charles Delwiche,2.3929,3.49
Laura Demaria,3.6667,3.26
Oludolapo Demuren,4.85,3.7
Darlene Dennison,4.6667,3.37
Karen Denny,5.0,3.5
Sonalde Desai,3.0,2.48
Philip DeShong,3.7692,2.93
Amol Deshpande,2.9032,3.2
Maushami DeSoto,1.0,3.1
Jeffrey DeStefano,4.0,3.32
Don DeVoe,4.4444,3.36
Cristian Dezso,5.0,2.86
Laxman Dhulipala,4.7059,3.53
Yancy Diaz-Mercado,3.2,2.94
John Dickerson,3.7059,3.44
Benedikt Diemer,3.2857,3.09
Vedat Diker,3.1111,3.51
Marino diMarzo,4.1667,2.97
Chengri Ding,5.0,3.44
Waverly Ding,3.0769,2.52
Jonathan Dinman,4.5,3.91
Bonnie Dixon,3.5755,2.51
Long Doan,4.7692,3.59
Stefan Doboszczak,4.3662,2.64
Leah Dodson,1.7333,3.06
Allison Doherty,3.6667,3.64
Lillian Doherty,3.7059,2.83
Mikhail Dolbilov,3.4667,3.12
Dmitry Dolgopyat,2.2286,2.76
Brandon Donahue,5.0,3.6
Jane Donawerth,3.3333,3.18
Chad Doran,5.0,3.51
William Dorland,5.0,3.62
Zachary Dorner,5.0,3.58
Michael Dorothy,5.0,3.5
Kyle Dorsey,4.8421,3.36
Lea Dougherty,4.75,1.63
Michael Dougherty,4.0,3.45
Courtney Douglass,1.5172,3.16
Dawn Dow,3.5,2.69
John Drabinski,4.75,3.5
Marilena Draganescu,5.0,0.0
James Drake,3.6452,3.0
Zach Drake,5.0,3.58
Allan Drazen,2.2308,1.88
Thomas Drechsel,2.7778,1.93
Martin Dresner,5.0,3.53
Alan Drew,1.0,3.5
Cindy Driscoll,4.7143,3.76
Ralph Dubayah,2.3333,2.62
Michele Dudash,4.25,2.9
Pamela Duffy,4.4444,3.59
Elizabeth Duke,4.0,3.41
Tudor Dumitras,3.5882,3.21
Gregg Duncan,5.0,3.13
Laura Duncanson,3.7,3.01
Michael Dunham,4.4286,3.75
Claire Dunning,5.0,3.63
Eric Dunning,4.8125,3.67
Charles Duquette,2.3333,0.42
Ramani Duraiswami,3.1429,2.57
Avik Dutt,3.5769,2.79
Sanghamitra Dutta,4.5,3.3
Susan Dwyer,4.1111,3.33
Typhanye Dyer,3.5294,3.5
Caroline Eades,4.8333,3.38
Lisa Eaker,4.6667,3.72
Roohollah Ebrahimian,4.7667,2.55
Arthur Eckstein,2.4,2.89
Lauren Edelstein,5.0,3.65
Christina Edmonds,5.0,3.57
Emily Egan,4.1579,3.11
Toby Egan,4.5455,3.32
Sheryl Ehrman,4.5,3.45
Bryan Eichhorn,3.9231,2.73
Ronit Eisenbach,3.28,3.45
Edward Eisenstein,4.1176,3.5
Najib El-Sayed,2.9268,3.39
Ginette Eldredge,3.6,2.99
Christopher Ellis,5.0,3.56
Christopher Ellis,5.0,3.56
Marina Ellis,5.0,3.44
Rachel Ellis,4.3333,3.66
Howard Elman,3.5,2.71
Morad Elsana,4.0,2.79
Fawzi Emad,3.6438,2.65
Fawzi Emad,3.6438,2.65
Sarah Eno,4.5,3.41
Devin Entrikin,5.0,3.33
Becky Epanchin-Niell,4.1111,3.68
Anthony Ephremides,2.4286,2.22
Meredith Epstein,5.0,3.64
Thomas Ernst,4.8889,3.6
Marcus Ervin,5.0,3.75
John Erwin,5.0,3.33
Anahi Espindola,4.5556,3.66
Carol Espy-Wilson,2.4118,2.51
Alexander Estes,1.0,2.97
Michael Evans,3.0,3.12
William Evans,4.2,3.91
Philip Evers,4.25,3.48
Bill Fagan,2.1852,3.62
Daniel Falvey,4.6136,2.97
Joseph Falvo,4.3333,3.14
Adriane Fang,3.5,3.45
Sara Faradji,5.0,3.3
Ali Faraji-Rad,5.0,3.38
Zahra Farhadi,5.0,3.43
Jason Farman,4.5,3.47
William Farmer,1.6667,3.33
James Farquhar,2.5333,3.49
Nima Farshchi,5.0,3.72
Hosam Fathy,4.1364,3.13
Michael Faulkender,3.4,2.64
Mohammad Fazelpour,3.5625,3.51
Jose Feijo,5.0,3.03
Soheil Feizi,3.6,3.57
Leslie Felbain,5.0,3.7
Elizabeth Feldman,3.0,2.95
Naomi Feldman,5.0,3.26
Robert Feldman,1.0,3.16
Mark Feldstein,3.8125,3.07
Ed Fendley,5.0,3.88
Kuishuang Feng,3.8333,3.45
Katrina Fenlon,4.6667,3.18
Charles Fenster,2.3636,3.33
Jonathan Fernandes,3.4797,3.22
Steve Fetter,5.0,3.03
Kenneth Filler,5.0,3.37
David Findlay,4.0,3.26
Carolyn Fink,3.8333,3.65
Aaron Finkle,3.1786,2.15
Kurt Finsterbusch,2.0,2.65
Amanda Fiore,2.2,3.12
Jessica Fish,5.0,2.86
Amy Fisher,5.0,3.81
Cortney Fisher,3.5882,2.77
Dana Fisher,2.3333,3.01
John Fisher,2.3077,3.84
Mark Fitzgerald,3.0,2.9
Patrick Fitzpatrick,4.7778,3.06
Emily Flamm,4.3333,3.28
Alison Flatau,3.7273,3.55
Julius Fleming,3.1667,2.82
Kelly Fleming,2.3077,3.8
Nicholas Fletcher,4.6857,3.3
Alexander Flum,2.0,3.81
Bill Ford,5.0,3.09
Constance Ford,1.125,2.71
Justin Foreman,4.0,3.65
Barton Forman,4.0,3.07
Giovanni Forni,1.9412,2.69
Mark Forrester,4.931,3.68
Daniel Foster,3.2593,3.64
Daniel Foster,3.2593,3.64
Jeffrey Foster,4.5556,2.32
Babak Fotouhi,3.1429,3.43
Trevor Foulk,3.6667,3.8
John Fourkas,4.875,3.45
William Fourney,4.2,3.17
Caitlin Fox,3.0,2.71
Herve Franceschi,4.0233,2.89
Nikolas Francis,5.0,3.88
Marisa Franco,4.7895,3.74
Manuel Franco Sevilla,4.0,2.52
Debra Franklin,4.0,2.68
Manoj Franklin,2.6531,3.11
Kenneth Frauwirth,3.7455,3.39
Elke Frederiksen,4.5,3.02
Judith Freidenberg,4.5,3.35
Mark Freidlin,1.6667,2.71
Judy Frels,4.0,2.29
David Freund,3.4545,2.67
Dennis Frezzo,3.9,3.39
Robert Friedel,2.9375,2.52
Adina Friedman,3.5,2.96
Elie Friedman,5.0,3.11
Michael Friedman,2.7273,2.84
Sharon Fries-Britt,4.0,2.57
Andrea Frisch,3.0,3.22
Megan Fritz,3.0,3.6
Megan Fromm,5.0,3.64
Craig Fryer,1.0,3.2
Gabrielle Fuentes,3.8333,3.49
Daphne Fuentevilla,5.0,3.48
Mark Fuge,1.8182,3.51
Kenneth Fuller,3.4615,3.63
David Fushman,3.875,2.72
Steven Gabriel,5.0,2.65
Michael Galczynski,4.9,3.43
Sebastian Galiani,3.5,2.52
Victor Galitski,3.6,3.22
Annelies Galletta,5.0,0.57
Vineet Gambhir,4.7778,3.47
Rachel Gammons,5.0,3.17
Alka Gandhi,3.5893,2.05
Heather Ganginis DelPino,4.2857,3.53
Ge Gao,2.4,3.41
Arianna Gard,3.1429,3.52
Leland Gardner,4.2903,3.31
William Gasarch,4.3913,2.78
Sylvester Gates,2.0,2.64
Anny Gaul,5.0,3.48
Oliver Gaycken,4.5833,3.33
Hailu Gebremariam,3.2222,2.46
Charles Gelso,4.3,2.4
Jonathan Gemmell,5.0,3.18
Maryl Gensheimer,4.5385,2.73
Rodolphe Gentili,4.4444,3.57
Martha Geores,2.3333,2.98
Aneta Georgievska-Shine,3.25,2.86
Azi Gera,1.0,3.91
Pamela Gerhardt,5.0,3.56
Jennifer German,5.0,3.59
Zhanna Gerus-Vernola,5.0,3.5
Christina Getrich,5.0,3.35
Stefanos Ghebrehawariat,5.0,3.77
Reza Ghodssi,4.0,3.22
Amin Gholampour,4.2373,3.04
Amelia Gibson,2.0,3.66
Robert Gibson,5.0,3.47
Laura Gilchrest,2.3,3.6
Meredith Gill,4.75,3.59
Brian Gilmore,5.0,3.78
James Gimpel,3.6,3.41
Saverio Giovacchini,4.125,3.0
Elisa Gironzetti,2.0,2.98
Michelle Girvan,2.6667,3.35
Sarah Glancy,5.0,3.41
Peter Glanville,5.0,3.04
James Glass,3.7778,3.5
Kevin Glasz,5.0,3.48
Joanna Goger,4.8947,3.62
Behzad Gohari,4.6,3.86
Jennifer Golbeck,4.0,3.56
Deborah Goldberg,5.0,3.14
Jessica Goldberg,5.0,1.9
Bruce Golden,1.5714,2.97
Jim Golden,2.7436,3.49
Brent Goldfarb,2.0,2.97
Julius Goldhar,3.1053,3.26
William Goldman,4.25,3.12
Neil Goldsman,4.1818,3.35
Dan Goldsmith,2.5,2.93
Jay Goldstein,2.2857,3.21
Thomas Goldstein,4.4286,3.33
Laura Golojuch,5.0,3.68
Evan Golub,2.3587,3.17
Romel Gomez,4.0,3.57
Cheng Gong,3.6667,3.08
Elias Gonzalez,4.4146,3.39
Jordan Goodman,3.9,3.24
Sarah Goodson,2.0,3.18
L Gordon,2.5714,2.66
Lawrence Gordon,4.3333,3.61
Meredith Gore,4.6667,3.49
David Gormong,4.5455,3.6
Daniel Gottesman,2.0,2.81
Denise Gottfredson,4.0,3.81
Dimitrios Goulias,2.625,3.51
Isabelle Gournay,1.5,3.48
Maira Goytia,4.5455,3.98
Chiara Graf,4.3333,3.57
Robert Graham,5.0,3.85
Samuel Graham,1.0,3.74
Victor Granatstein,5.0,3.24
James Grand,5.0,3.56
James Green,3.2848,3.56
Kerry Green,4.0,3.46
Daniel Greene,4.25,3.24
Julie Greene,4.0,2.94
Richard Greene,5.0,3.24
Patricia Greenspan,2.0,2.48
Matthew Griffin,4.1059,3.4
Elizabeth Griffith,4.3597,2.7
Manoussos Grillakis,3.0435,2.91
Jessica Grimmer,3.7778,3.47
Dana Grosser-Clarkson,5.0,3.61
Jeremy Grossman,4.7692,3.43
Maxine Grossman,4.3636,2.82
Dane Grossnickle,3.8333,3.49
Katrina Groth,5.0,2.83
Sean Gruber,4.9153,3.47
Daniel Gruner,3.6,2.93
Peter Grybauskas,4.5417,3.0
Yu Gu,4.5,2.44
Perla Guerrero,3.4,3.02
Christiana Guest,2.2778,2.87
Denny Gulick,3.9063,2.31
Abba Gumel,3.6,2.28
Mestiyage Gunatilleka,4.0769,2.86
Jennifer Gunnulfsen,4.2727,3.36
Anil Gupta,4.0,2.77
Ashwani Gupta,1.6667,3.44
Ayush Gupta,5.0,3.58
Eric Haag,2.3571,2.91
Regina Haag,3.0,3.6
Rachel Haber,4.3846,3.41
Alana Hackshaw,2.7143,3.49
Valentine Hacquard,3.2,3.6
James Hagberg,4.0,3.45
Eva Hageman,4.2,3.55
Damien Hagen,3.75,3.25
Ali Haghani,2.0,2.7
Jin-Oh Hahn,5.0,3.8
Thomas Haines,4.5,3.35
Mohammad Hajiaghayi,2.5882,3.19
Christine Hakenkamp,4.1563,3.66
Amanda Hall,5.0,3.54
Brantley Hall,5.0,3.78
Carter Hall,3.9231,3.07
Cherisse Hall,3.6667,3.7
Ricco Hall,3.0,3.32
Judith Hallett,5.0,3.07
Steve Halperin,3.6667,2.8
Christopher Halsted,4.3636,3.07
George Hambrecht,4.5625,3.38
Catherine Hamel,4.95,3.52
Russell Hamill,4.2667,3.62
David Hamilton,2.2963,2.29
Douglas Hamilton,1.9677,2.47
Douglas Hamilton,1.9677,2.47
Phoebe Hamilton,5.0,2.43
Iqbal Hamza,4.125,1.88
Bongtae Han,3.4286,3.38
Yueyang Han,4.6364,3.17
Ahmed Hanafy,4.6,3.25
Samuel Handwerger,4.8286,3.47
Paul Hanges,5.0,3.6
Christina Hanhardt,4.75,3.41
Il-Horn Hann,2.0,2.1
Rebecca Hann,4.6,3.29
Dora Hanninen,1.5,2.86
Matthew Hansen,2.375,2.73
Christopher Hanson,3.6364,3.39
James Hanson,2.9394,3.05
Cecily Hardaway,5.0,3.16
Inna Hardman,5.0,3.46
June Hargrove,4.1667,3.12
Sharon Harley,3.3333,2.62
Alexandra Harlig,4.6,3.93
Mary Harms,4.0,2.97
Jeffrey Harring,4.0,3.1
Andrew Harris,3.5,2.07
Hamil Harris,5.0,3.66
Robert Harris,1.7727,3.32
Tasha Harris,3.0,3.75
Christine Hartzell,3.3333,2.57
Christine Harvey,2.25,2.89
Adil Hassam,4.4286,2.86
Naeemul Hassan,4.1667,3.29
Munther Hassouneh,5.0,2.77
Tom Hatcher,3.1538,3.57
Virginia Haufler,4.2143,3.47
William Hawkins,2.2759,3.0
David Hawthorne,4.6667,3.67
Melissa Hayes-Gehrke,3.675,3.36
Allen Hazelton,3.0,3.2
Shay Hazkani,3.0,2.65
Xi He,3.0,3.24
Xiaoming He,5.0,3.37
Xin He,5.0,3.2
Liam Healy,2.0,2.84
Mitchell Hebert,5.0,3.72
Donal Heidenblad,4.4667,3.53
Judith Hellerstein,4.0,2.35
Marccus Hendricks,4.125,3.63
Sarah Henson-Darko,5.0,3.72
Jens Herberholz,4.5,3.28
Jeffrey Herf,5.0,2.83
Larry Herman,3.2046,2.57
Keith Herold,2.0,3.07
Dennis Herschbach,3.1429,2.79
Aaron Hertz,4.5,3.48
Steven Heston,3.0,3.52
Mike Hewitt,5.0,3.53
Caroline Hickman,4.5,2.93
Michael Hicks,4.0909,3.06
Chila Hidalgo,4.5263,3.41
William Higgins,3.4583,3.15
Franklin Hildy,2.0,3.4
Renee Hill,5.0,3.51
Wendell Hill,1.7778,2.63
Lyra Hilliard,4.5,3.28
Danuta Hinc,3.3333,3.57
Aron Hirsch,5.0,3.16
Sonia Hirschauer,4.8364,2.29
Brooklynn Hitchens,3.5,2.83
Christina Hnatov,1.2,3.41
Ping-Tong Ho,3.0,2.61
William Hodos,3.5,3.47
Kara Hoffman,2.5385,2.77
Rebecca Holden,3.5625,3.16
Samuel Holley-Kline,4.5,3.85
Gerard Holmes,4.8333,3.54
Thomas Holtz,4.35,3.58
Jorge Holzer Bilbao,5.0,3.38
Elizabeth Honig,2.25,2.81
Anson Hook,3.6364,2.81
Eric Hoover,5.0,3.83
Timothy Horiuchi,4.1,3.4
Gretchen Horlacher,5.0,2.96
John Horty,5.0,2.31
Andrew Howard,4.8095,3.41
Donna Howard,3.8462,3.26
Jennifer Hsin,4.5,3.73
Madeline Hsu,2.0,3.08
Guiling Hu,5.0,3.32
Liangbing Hu,4.5,3.81
Furong Huang,3.1667,3.68
Jia-Bin Huang,2.2143,2.54
Mong-Han Huang,5.0,3.3
Peng Huang,3.6667,3.5
Xiaofang Huang,4.0,3.46
Danusia Hubah,5.0,3.77
Cecilia Huertas Cerdeira,2.625,3.01
Benjamin Huffman,4.75,3.77
Charles Hulten,1.8235,1.67
Nathan Hultman,2.25,3.52
Sarah Humud,3.04,3.25
James Hunt,4.6667,3.12
Ben Hurley,1.0,2.93
Agustin Hurtado,5.0,1.89
Ghaffar Hurtado Choque,3.3333,3.37
George Hurtt,1.5,3.07
Richard Hutchins,2.4667,3.16
Hassan Ibrahim,3.05,3.64
Kayo Ide,3.5,3.37
William Idsardi,4.5,3.35
Regina Igel,4.8,3.2
Agisilaos Iliadis,2.3478,3.27
Chad Infante,4.6,3.4
Kenneth Ingram,4.6667,3.4
Makiko Inoue,4.0667,2.5
Brenda Iraola,5.0,3.62
Lyle Isaacs,3.6129,2.8
Sabrina Islam,4.1538,3.41
Seppo Iso-Ahola,3.9286,3.0
Zenzele Isoke,3.5,2.75
Ari Israel,5.0,3.76
Michael Israel,2.1818,2.55
Joshua Itzkowitz Shifrinson,5.0,3.44
Derek Iwamoto,3.0714,2.96
Jose-Luis Izursa,2.25,2.87
Shabnam Jabeen,3.9091,3.41
Scott Jackson,2.8788,3.5
Alan Jacobs,2.3333,3.51
Bruno Jacobs,2.6667,2.33
David Jacobs,3.7778,3.35
Wendy Jacobs,2.3333,3.09
Timothy Jacobsen,4.0,3.63
Wade Jacobsen,5.0,3.25
Theodore Jacobson,3.3,2.73
Steven Jaffee,2.3333,2.45
Joseph JaJa,2.5714,2.43
Michael Jakobson,1.9655,2.38
Bahareh Jalehmahmoudi,5.0,3.18
Bruce James,4.6471,3.11
Michelle Jamin,5.0,3.56
Renina Jarmon,2.5,3.48
Christopher Jarzynski,4.8333,2.9
Abolhassan Jawahery,4.4,3.03
Aysha Jawed,5.0,3.71
Steven Jay,5.0,3.63
Brian Jefferson,4.8462,3.67
Leslie Jefferson,5.0,3.7
William Jeffery,3.5833,3.35
Zubin Jelveh,3.0,3.13
Shannon Jette,3.8571,3.17
Xiangdong Ji,4.6667,2.96
Hong Jiao,3.0,3.48
Yupeng Jiao,5.0,3.96
Ginger Jin,5.0,1.77
Brian Johnson,4.6667,3.26
Lena Johnson,5.0,3.97
Marcus Johnson,4.5,3.63
Philip Johnson,4.6667,3.42
Ebonie Johnson Cooper,3.0,2.84
Alexandra Jones,2.5778,3.29
Benjamin Jones,4.2931,3.27
Calvert Jones,3.4286,3.42
Marvin Jones,4.5,3.25
Steven Jones,4.3333,3.48
Antony Jose,5.0,3.4
Anna Josephson,5.0,3.46
Katherine Joshi,4.1818,3.29
Yogesh Joshi,5.0,3.53
Nick Joyce,2.6667,3.31
Philip Joyce,4.8,3.31
Douglas Julin,3.8235,2.17
Scott Juntti,4.0625,3.33
Chris Justice,4.0,2.36
Ashish Kabra,3.0,3.17
Hernisa Kacorri,5.0,3.22
Abram Kagan,2.7,2.79
Jason Kahn,3.3226,2.6
Joan Kahn,3.0,3.19
Anne Kaiser,2.3684,3.04
Neha Kamran,4.9,3.69
Adam Kanigowski,4.4,2.9
Patrick Kanold,4.0,3.28
Ethan Kaplan,3.7,1.73
Ahmet Karamustafa,5.0,2.73
Amy Karlsson,4.0,3.4
David Karol,2.375,3.27
Avital Karpman,5.0,3.21
Eric Kasischke,4.0,3.04
David Kass,4.7143,3.31
Jason Kass,4.4,3.31
Scott Kastner,4.5417,3.32
Jonathan Katz,3.7273,3.14
Mollie Kaufer,4.8333,3.43
Christopher Kauffman,4.8272,2.83
Lauren Kauffman,3.5,3.05
Linda Kauffman,2.2,3.0
Alan Kaufman,2.6154,3.38
Sujay Kaushal,4.6667,3.44
Conny Kazungu Sigel,3.0,3.82
Melissa Kearney,2.8235,2.28
Monica Kearney,2.7632,3.49
Cy Keener,4.375,3.26
Mary Keim,1.5,2.67
Peter Keleher,2.8438,2.78
Michael Keller,4.28,3.3
Jesse Kellner,3.875,3.37
Kathleen Kelly,4.0,3.56
Samantha Kemper,2.8333,2.98
Eliza Kempton,3.7778,2.71
Bretton Kent,3.6818,2.83
Samuel Kerstein,3.4667,2.29
Samuel Kessel,5.0,3.98
Meyer Kestnbaum,3.75,3.06
Antwon Key,5.0,3.7
Alireza Khaligh,3.5,3.23
Samir Khuller,4.0,2.9
Archana Khurana,4.6933,2.78
Azieb Kidanu,4.0,3.49
Ken Kiger,4.6,3.0
Melanie Killen,4.0,3.26
Patrick Killion,5.0,3.73
Colton Kilpatrick,5.0,3.74
Hyunki Kim,3.4444,3.33
Jinhee Kim,3.0,3.01
Jiyoun Kim,2.5,3.41
John Kim,4.75,3.45
Jungho Kim,3.1481,2.81
Ki-Yong Kim,3.4167,3.15
Sujin Kim,3.0,3.1
Richard King,4.4286,3.17
Gananand Kini,4.0,3.36
George Kintiba,2.5833,3.54
Theodore Kirkpatrick,2.5882,2.83
Amna Kirmani,4.5,3.33
David Kirsch,3.0,2.7
Matthew Kirschenbaum,3.0,3.35
Birthe Kjellerup Shirtliff,2.0,3.45
Richard Klank,2.6875,3.6
Jeffery Klauda,2.3333,3.08
Elisa Klein,5.0,3.48
Jesse Klein,4.6923,3.74
Meredith Kleykamp,4.0,3.1
Paul Kline,2.8571,3.07
Kevin Klose,4.5,3.82
Joanne Klossner,4.5,3.49
Kelsey Klotz,5.0,3.61
Kenneth Klotz,5.0,3.51
Tim Knight,4.1429,3.84
Andrea Knowles,4.8571,3.2
Martin Kobren,4.1667,3.29
Thomas Kocher,4.04,3.53
Timothy Koeth,3.0,3.39
Peter Kofinas,4.0526,3.7
Kyung Koh,2.5862,3.44
Richard Kohn,3.5,3.5
Mike Kolakoski,4.4737,3.11
Alicia Kollar,2.625,2.66
Thaddeus Komacek,4.7,3.24
Beatrice Kondo,4.5,3.82
Mei Kong,4.6667,3.2
Lee Konstantinou,4.6667,3.27
Zeid Kootbally,5.0,3.41
Alanna Kopania,5.0,3.67
Andrea Koppel,5.0,2.97
Monique Koppel,3.2917,2.71
Leonid Koralov,3.15,2.44
Tess Korobkin,3.8571,3.52
Julie Koser,4.3333,2.9
Serhiy Kozak,5.0,3.33
Kristina Kramarczuk,5.0,3.95
Kari Kraus,5.0,3.32
David Kriesberg,4.3333,3.84
Niranjana Krishnan,4.0,3.56
Sarah Kroncke,3.75,3.59
A Kruglanski,3.5,3.15
Clyde Kruskal,2.8778,2.65
P Kshetry,2.7143,3.36
William Kules,3.0,3.62
Simone-Gunde Kulin,3.0,3.11
Sujith Kumar,3.5122,2.72
Gerard Kunkel,4.75,3.74
Catherine Kuo,3.6667,3.48
Jason Kuo,4.3333,3.57
George Kurtzweil,5.0,3.84
Byoung-Suk Kweon,5.0,3.37
Julia Kwon,4.0,3.42
Yonghwi Kwon,4.5,3.67
Albert Kyle,2.75,2.97
Richard La,2.9286,2.62
Sylvette La Touche-Howard,2.6875,3.27
Brett Lacey,4.7419,3.42
Kathryn Lafrenz Samuels,2.1667,3.51
Partha Lahiri,3.0,2.62
Chryl Laird,5.0,3.75
Rachel Lamb,3.0,3.03
Leonidas Lampropoulos,4.8,3.55
Paul Landau,2.7,2.83
Gosia Langa Basit,2.5,3.26
Eugenia Lao,1.5,2.59
Kisa Lape,4.6667,3.01
Hayim Lapin,2.8,2.65
Nicole LaRonde,3.0,2.99
Johan Larsson,4.6667,3.02
Michael Laskowski,4.3636,3.0
Daniel Lathrop,4.3333,3.25
Ellen Lau,4.75,3.6
John Laub,3.5,3.3
Katy Lawley,4.1,3.23
Jeffrey Lawrence,4.0,3.93
Wesley Lawson,3.7377,3.46
Richard Layton,4.6667,2.64
Radu Lazar,3.1379,2.91
Howard Leathers,3.8333,2.76
Dennis Leber,4.8333,2.4
Frances Lee,4.6667,3.35
Heera Lee,4.0,3.79
Jinwoo Lee,2.6316,3.15
Myungin Lee,3.5,3.19
Sangbok Lee,2.3333,3.16
Sarah Lee,3.0,3.19
Seong-Ho Lee,5.0,3.54
Sung Lee,4.0,3.5
Vincent Lee,2.0,3.14
Yewon Lee,3.9286,3.74
Jungjung Lee-Heitz,4.6667,3.04
Jennie Lee-Kim,4.8333,3.55
Burt Leete,4.0,2.93
Roxanne Lefkoff,3.5714,3.35
Alan Lehman,4.5,3.16
David Lei,3.0,2.25
Theodore Leinwand,4.75,2.8
Paul Leisnham,5.0,3.69
Alex Leitch,3.0,2.71
Vedran Lekic,5.0,3.3
Edward Lemay,4.2353,3.14
Kenneth Leonard,3.4848,3.32
Mark Leone,4.2,3.05
Peter Leone,3.6,3.53
Leigh Leslie,3.6667,3.45
Alla Levin,4.0909,3.42
Dave Levin,4.3684,3.33
Robert Levine,4.2727,3.19
William Levine,3.1667,3.48
Jerrold Levinson,2.75,2.1
Doron Levy,4.0,2.87
Amy Lewin,4.5,3.1
Chris Lewis,4.4,3.11
Sydney Lewis,3.0,3.35
Ang Li,5.0,3.72
Anna Li,4.2222,2.45
Guangbin Li,2.6667,3.13
Teng Li,4.0,3.36
Wei-Ping Li,5.0,3.7
Yan Li,4.0,3.05
Zhanqing Li,1.6,3.28
Menglu Liang,1.0,3.49
Shunlin Liang,3.0,3.09
Xin-Zhong Liang,2.6667,2.93
Hui Liao,3.2,2.76
Andrea Liberto,4.7778,3.57
Hallie Liberto,2.8571,2.86
Erik Lichtenberg,4.0,1.84
Jeffrey Lidz,4.25,3.5
Siv Lie,5.0,3.45
Katherine Lieder,3.0,3.88
David Lightman,4.5,2.78
Thayse Lima,2.25,3.21
Chan Lin,3.8571,3.3
Jing Lin,3.0,3.59
Marilee Lindemann,3.0,3.0
Rosemary Lindle,3.0,2.83
Mikael Lindvall,2.0,2.85
Nancy Lineman,3.1429,2.61
Jiqiang Ling,5.0,3.62
Joshua Linn,4.0,2.89
Karen Lips,2.8,2.52
Lee Lipscomb,2.3333,3.34
Laura Lising,4.1429,3.67
Antong Liu,4.7647,3.33
Brooke Liu,4.3333,3.15
Rossina Liu,2.6667,3.5
Yang Liu,5.0,3.36
Zaoxing Liu,3.6667,3.47
Zhicheng Liu,2.5,3.18
Zhongchi Liu,4.625,3.73
Adam Lloyd,5.0,3.42
Isabel Lloyd,2.0769,3.29
Kuan-Hung Lo,5.0,3.54
Christopher Lobb,5.0,2.86
Martin Loeb,3.0,3.38
Stephen Loeb,4.0,3.43
Mark Loewenstein,3.75,3.36
Shirley Logan,3.6667,3.59
Justin Lohr,4.4545,3.26
Doug Lombardi,5.0,3.59
Sara Lombardi,4.3333,3.24
Ryan Long,4.8333,3.43
Terence Long,4.3247,3.14
Andrea Lopez,5.0,3.27
George Lorimer,2.5,2.35
Wolfgang Losert,2.6667,2.88
Alexis Lothian,2.8889,3.04
David Lovell,2.0833,3.39
Thomas Lowderbaugh,3.7143,3.59
Tao Lowe,3.0,3.7
Ruth Lozner,4.0,3.25
Jessica Lu,3.3333,3.61
Jeffrey Lucas,5.0,3.44
Melissa Lucas,5.0,3.55
Robert Lucci,4.8125,3.41
Neil Lund,4.0,3.48
Wayne Lutters,4.75,3.55
Clare Lyons,3.5333,3.21
Vincent Lyzinski,4.25,3.23
Lan Ma,5.0,3.54
Carlos Machado,2.7273,2.78
Matei Machedon,3.7385,2.83
John Macintosh,4.7222,3.12
Michael Mack,4.0,3.55
Jeff MacSwan,5.0,3.32
Dilip Madan,3.0,3.36
Jaime Madden,4.75,3.36
Kristjana Maddux,4.5385,3.22
Sangeetha Madhavan,2.3913,2.73
Justine Madoo,4.5542,3.37
Edward Magrab,2.0,1.9
Jose Magro,3.75,3.09
Adi Mahalel,2.7778,2.32
Katharina Maisel,2.5,2.43
Armand Makowski,1.9,2.37
Vojislav Maksimovic,1.0,3.23
Christopher Malackany,3.375,3.23
Margaret Malewski,4.0,3.55
Peter Mallios,4.6429,3.58
Anwar Mamat,3.8,2.9
Charles Manekin,3.5,2.2
Jennifer Manly,4.8824,3.52
Dinesh Manocha,2.0,2.95
Steven Mansbach,4.7273,2.84
Steven Marcus,4.2,3.08
Rhoda Margesson,1.25,3.62
Dionisios Margetis,4.5,2.79
Elisabeth Maring,4.2143,3.44
Gideon Mark,4.1333,3.23
Bayley Marquez,5.0,3.15
Gregory Marr,2.2813,3.19
Kris Marsh,5.0,3.05
Michael Marsh,3.7595,2.84
Caitlin Marshall,3.6,3.14
Elizabeth Marshall,3.8,3.48
Cynthia Martin,4.6667,3.58
John Martin,4.0,2.15
Pino Martin,2.0,2.89
Elizabeth Martinez,3.0,3.31
Juan Martinez Guzman,3.5,3.48
Luz Martinez-Miranda,1.875,3.35
Nuno Martins,2.3333,2.72
Ann Mason,3.5,2.69
Michele Mason,4.0,3.11
Elizabeth Massey,5.0,3.72
Mahmoud Massoud,4.25,3.38
Marilyn Matar,5.0,3.08
Richmond Mathews,3.75,2.88
Georgeanne Matthews,5.0,3.53
Silvina Matysiak,2.5455,3.24
Thomas Mauriello,4.8,3.6
Lindsey May,5.0,3.06
Peter May,3.0,3.64
Isaak Mayergoyz,5.0,3.46
Paul Maykish,4.0,3.02
Chelsea Mays-Williams,4.6286,3.7
Marwa Maziad,1.625,3.19
Michelle Mazurek,3.8889,3.44
Raphael Mazzone,5.0,3.64
Thomas Mazzone,5.0,3.74
Susan Mazzullo,4.8043,3.3
Patrick McAvoy,4.4783,3.28
Jennifer McCatharn,5.0,3.84
John McCauley,4.7273,3.55
Thomas McCloskey,4.9,3.7
Francis McCluskey,4.6667,2.41
Richard McCuen,4.5,3.07
Stephen McDaniel,1.5455,2.36
William McDonough,4.0,3.18
Abigail McEwen,2.6364,3.01
John McGahagan,5.0,3.86
Kevin McGarry,4.8333,2.79
Jean McGloin,3.6667,3.17
Davis McGregor,2.5,3.71
Heather McHale,4.75,3.27
Jessica McKechnie,5.0,2.86
James McKinney,2.9355,3.39
Karen McLaren,4.2,3.15
Matthew McLaughlin,3.25,3.3
Ping McLemore,5.0,3.3
Michael McMillan,3.0571,3.36
Patrick McNamee,2.4,3.67
Leigha McReynolds,5.0,3.95
Heather Mehrtens,5.0,0.0
Shelbi Meissner,5.0,3.67
Antoine Mellet,4.4,2.58
Karin Melnick,2.7273,2.91
John Merck,4.8333,3.34
Eyda Merediz,3.0,2.71
Christoph Mergerson,5.0,3.68
Cullen Merritt,5.0,3.57
Greg Metcalf,5.0,3.25
Christopher Metzler,4.3333,3.26
Shirley Micallef,2.6667,3.66
Barbara Michelato,1.9717,0.97
Greg Midgette,3.0,3.26
Ian Miers,2.0,3.23
Alice Mignerey,1.9469,2.85
Howard Milchberg,3.1053,3.43
Kristina Miler,4.125,3.06
David Miles,3.0,3.38
Lorin Milescu,1.0,3.92
James Milke,5.0,3.38
Jeff Miller,4.027,3.23
Michael Miller,2.6923,2.16
Ross Miller,4.0,3.59
Stevens Miller,3.35,3.03
Quincy Mills,5.0,2.09
John Millson,4.0476,2.89
Geoffrey Milsom,4.4286,3.71
Jeffrey Milton,3.9091,3.46
Emily Mitchell,3.5,3.63
Steven Mitchell,2.6471,3.38
Mona Mittal,5.0,3.72
Yifei Mo,5.0,3.41
Mansoor Moaddel,3.6667,2.93
Edgar Moctezuma,4.2045,3.29
Wendy Moe,2.0,3.46
Susan Moeller,2.6471,3.37
Nicole Mogul,2.6071,3.73
Abdirisak Mohamed,1.2,3.11
Swarna Mohan,3.1519,3.36
Rabindra Mohapatra,3.1667,2.63
Jonathan Mohr,4.6667,2.33
Manouchehr Mokhtari,4.0,3.13
Maria Molina,5.0,3.79
Dan Moller,4.0714,1.8
Erin Molloy,5.0,3.19
Michelle Moncrieffe,4.7143,3.67
Reza Monfaredi,2.0,3.2
Eusebia Mont,3.5,2.07
Michael Montague-Smith,4.2093,2.52
Ofelia Montelongo Valencia,4.5,3.41
Laurent Montesi,1.3333,2.97
Alan Montroso,5.0,3.5
Erin Moody,4.0702,2.82
Joan Mooney,2.0,2.84
Amber Moore,4.8125,3.48
Erika Moore,5.0,3.87
Kathleen Moore,1.2,3.08
Sarah Moore,4.0,3.69
Jamila Moore-Pewu,1.0,2.78
Marjan Moosavi,5.0,2.78
Jessica Morabito,3.25,3.15
Maksym Morawski,2.81,2.91
Amy Morgan,5.0,3.64
Peter Morici,3.0,3.28
Christopher Morris,3.5,2.05
Brandon Morse,5.0,3.44
Erin Mosely,4.1667,2.94
Thomas Moser,4.2,3.09
Phillip Moses,3.8182,3.62
David Mosser,4.0,2.75
Carol Mossman,4.5,3.52
Bharti Motwani,3.3673,3.13
David Mount,4.7941,3.07
Stephen Mount,2.4444,2.76
Ronald Mower,4.9167,3.36
Chantay Moye,5.0,3.71
Neta Moye,5.0,3.54
Alene Moyer,3.3333,3.66
Collin Mueller,5.0,3.55
Jenna Mueller,5.0,3.83
Suzanne Muir,4.875,3.87
Maria Mukhina,5.0,3.46
Amy Mullin,1.7692,3.27
Jennifer Mullinax,1.0,3.76
Robyn Muncy,4.25,3.16
Jeffrey Mund,4.5439,2.63
Lee Mundy,2.55,2.88
Kimberli Munoz,4.875,3.68
Angus Murphy,1.0,3.5
Thomas Murphy,4.8571,2.77
Peter Murrell,3.5789,1.74
Raghu Murtugudde,3.0,2.9
Richard Mushotzky,3.8,2.97
Dominique Mwepu,4.1818,3.35
David Myers,3.5,3.29
Padric Mylod,5.0,3.68
Jose Naharro-Calderon,4.0,2.83
Kang Namkoong,5.0,3.5
Carolina Napp-Avelli,4.5,3.56
Prakash Narayan,3.6667,2.66
Ariana Nash,4.2,3.55
Philip Nash,5.0,3.76
Lisa Nathans,5.0,3.61
Dana Nau,2.1667,2.67
Ana Navarro Cebrian,4.0732,3.3
Ana Ndumu,3.6667,3.37
Ashish Nedungadi,5.0,2.4
Brian Needelman,5.0,3.79
Anna Nelson,5.0,3.56
Deborah Nelson,3.7143,3.65
Judd Nelson,4.2424,3.2
Patrick Nelson,2.0909,3.54
Peter Nemes,3.0,2.11
Alan Neustadtl,4.0,3.34
David Newburn,5.0,2.58
Ashley Newby,5.0,2.96
Robert Newcomb,2.9,3.66
Megan Newcombe,5.0,2.87
Rochelle Newman,2.0,3.09
Magdalene Ngeve,4.2222,3.12
Huy Nguyen,5.0,2.86
Vincent Nguyen,2.4211,3.14
Jason Nichols,2.8462,3.15
Christine Nickel,3.8889,3.1
Abigail Nicolas,4.6491,3.7
Deb Niemeier,1.3333,3.04
Danielle Niu,5.0,3.87
Ricardo Nochetto,2.0,2.76
Dennis Nola,3.6667,3.64
Howard Norman,4.0,3.96
Jared Novick,5.0,3.62
Temim Nusraty,4.75,3.71
Daune O'Brien,4.3333,3.11
Karen O'Brien,5.0,2.18
Tammatha O'Brien,3.0645,3.51
Kenneth O'Connell,4.6667,3.57
Ryan O'Grady,4.8621,3.69
Jessica O'Hara,5.0,3.75
Matthew O'Malley,5.0,3.45
Danielle O'Neill,4.75,3.81
Meg O'Neill,5.0,3.56
Patrick O'Shea,5.0,3.07
Douglas Oard,4.6,3.28
Sarah Oates,4.75,3.6
Diana Obanda,1.0,3.39
Gottlieb Oehrlein,2.0,3.04
Michael Ohadi,3.4,3.29
Porter Olsen,4.1429,3.6
Charles Olson,4.0,3.28
Jade Olson,4.8889,3.17
Lars Olson,2.1538,3.18
Alexandra Omogbadegun,5.0,3.22
Randy Ontiveros,4.5135,3.51
Justicia Opoku-Edusei,3.8143,2.75
Pamela Orel,3.6,3.55
Edward Orlando,3.3333,2.8
Valerie Orlando,5.0,3.33
Luis Orozco,4.0,2.66
Kathleen Orr,5.0,3.3
Jose Ortiz,5.0,2.66
Yavuz Oruc,2.6957,3.23
Taylor Oshan,3.0,2.83
Peter Osorio,5.0,3.25
Chinyere Osuji,1.5833,2.59
Edward Ott,2.5,3.19
Michael Otte,5.0,3.35
Min Ouyang,2.8889,3.08
Erkut Ozbay,3.1667,2.46
Eric Pacuit,4.7,2.19
Kimberly Paczolt,2.8448,3.15
Michael Padhi,4.3125,3.15
Nelson Padua-Perez,4.2511,3.02
Tori Page-Voth,4.0,3.6
Johnpierre Paglione,4.5,3.38
Susannah Paletz,4.5,3.53
Derek Paley,4.6429,3.29
Christopher Palmer,2.2222,3.07
Dominic Palumbo,3.3333,3.24
Matthew Palus,5.0,2.77
Shen Pan,4.7368,3.19
Irene Pantelis,4.75,3.69
Richard Panzer,4.0,3.31
Jo Paoletti,3.0,2.99
Konstantinos Papadopoulos,2.75,2.74
Charalampos Papamanthou,4.0,2.79
Adrianos Papamarcou,4.2727,2.61
Elizabeth Papazian,5.0,3.12
Garegin Papoian,2.875,2.16
Polyvia Parara,4.3333,3.4
Dirk Parham,4.9143,3.22
Marisa Parham,3.4,3.23
Julie Park,2.5,3.37
Julie Park,2.5,3.37
Edward Parker,5.0,3.34
Sheri Parks,3.0,2.87
Roan Parrish,3.1,3.76
Shawn Parry-Giles,4.0,3.54
Trevor Parry-Giles,4.6667,3.29
Jeffrey Parsells-Johnson,3.0714,3.02
Clare Parsons,3.9375,3.7
Irene Pasquetto,5.0,3.42
Gerard Passannante,4.4545,3.42
Stefano Passeri,5.0,3.46
David Patrick,4.0,3.3
Matthew Patrick,3.3684,3.34
Robert Patro,3.8182,2.97
Binod Paudyal,5.0,3.65
Paul Paukstelis,3.2258,2.11
Barnet Pavao-Zuckerman,4.3333,3.42
Mitchell Pavao-Zuckerman,4.5,3.53
Julie Pavlovsky,4.3077,3.6
Lara Payne,4.2143,3.75
Barry Pearson,4.0,3.13
Margaret Pearson,4.5,3.42
Sara Pearson,4.0,3.69
Shanna Pearson,1.0,3.4
John Pease,4.3158,2.99
Periloux Peay,3.3333,3.45
Michael Pecht,1.0,3.25
Martin Peckerar,2.9,2.94
Wendy Peer,1.6364,3.42
Huaishu Peng,5.0,3.71
Sarah Penniston-Dorland,4.25,3.09
Mehl Penrose,5.0,3.19
Joseph Perfetti,3.88,3.42
Yoram Peri,5.0,3.35
Donald Perlis,3.3158,3.07
Robert Pernick,4.3333,2.94
Luiz Pessoa,4.0,3.26
Margaret Peterson,5.0,3.38
Damien Pfister,4.625,3.36
Alexander Philippov,2.6,2.75
Ruth Phillips,5.0,3.55
William Phillips,4.0,2.98
Leslie Pick,3.9444,3.1
Brian Pierce,5.0,3.42
Darren Pierre,5.0,3.78
Paul Pietroski,3.3333,2.21
Timothy Pilachowski,2.3533,2.6
Darryll Pines,4.1667,3.67
Rachel Pinker,2.8571,3.29
Sima Pirmoradi,3.5,3.72
Abror Pirnapasov,4.0,3.5
William Pittman,4.375,2.87
Jandelyn Plane,3.0,3.48
Kara Pleasants,5.0,3.41
Larry Plotkin,5.0,3.45
Maria Polinsky,5.0,3.16
Francesca Polito,4.25,3.67
Audaldo Ponce,3.6667,3.35
Mihai Pop,4.3,3.08
Cassondra Pope,4.1053,3.47
Nolan Pope,5.0,2.33
Adam Porter,2.6429,2.97
Lauren Porter,2.5,3.24
Kendra Portier,5.0,3.69
Jonathan Poterjoy,5.0,3.15
Craig Potter,4.2,3.83
Myles Poulin,4.4444,2.54
Susan Powell,2.1667,3.73
Nicole Powlison,3.4737,3.48
Abani Pradhan,3.6667,3.56
Susan Pramschufer,4.25,2.9
Richard Prather,4.0,3.73
Michael Pratt,4.04,3.67
Louis Preonas,5.0,3.44
Stanley Presser,5.0,2.43
Joelle Presson,4.1333,3.72
Karen Prestegaard,3.5,3.16
Selena Price,1.7333,2.69
Steven Prior,5.0,3.1
Paulo Prochno,3.8571,3.47
William Pugh,4.1667,1.34
James Purtilo,2.8095,3.52
Jingyi Qian,5.0,3.52
Gang Qu,2.9167,3.3
Yan Qu,3.8333,3.55
Fatima Quander,5.0,3.63
Sandra Quinn,1.0,3.49
Martin Rabenhorst,5.0,3.7
Oded Rabin,3.1667,3.16
Sarah Racz,5.0,3.58
Joshua Radice,5.0,3.13
Fernando Raffan Montoya,5.0,3.44
Srinivasa Raghavan,5.0,3.27
Shaik Rahaman,2.0,3.53
Mircea Raianu,4.6667,3.06
James Rainbolt,2.5429,2.33
TJ Rainsford,3.3333,3.51
Majid Raissi-Dehkordi,4.0,3.36
Niranjan Ramachandran,4.7692,3.31
Geetha Ramani,4.3333,3.19
Jui Ramaprasad,4.0,3.21
Adan Ramos,2.3333,3.31
Gregory Ramsay,4.3,3.26
Samuel Ramsey,4.2,3.17
Sushant Ranadive,3.3333,3.4
Louiqa Raschid,2.25,3.32
Narendra Ratnapala,3.3333,3.05
Nan Ratner,5.0,2.83
Rebecca Ratner,4.5,3.64
Michael Raupp,4.0,3.46
Nidhi Rawat,5.0,3.61
Deep Ray,5.0,2.82
Rashawn Ray,5.0,3.27
Sangeeta Ray,4.0,3.25
Marjorie Reaka,2.6,3.16
Daniel Reck,2.7,3.4
Elizabeth Redcay,5.0,3.43
Edward Redish,3.6364,3.1
William Reed,5.0,3.62
Timothy Reedy,4.0526,3.66
Scot Reese,4.0,3.81
Matthew Regan,4.0,3.52
James Reggia,4.0909,3.14
William Regli,2.5385,2.05
Joseph Reiff,4.5,3.7
Allison Reilly,2.0,3.23
Galina Reitz,5.0,3.85
Joan Ren,5.0,3.02
John Rendeiro,4.9231,3.36
Mauro Resmini,5.0,3.42
Philip Resnik,5.0,3.06
Jonathan Resop,5.0,3.32
Janice Reutt-Robey,2.0,1.73
Georges Rey,3.3333,1.26
Justin Reyna,3.5952,2.85
Richard Reynnells,4.7778,3.72
Christopher Reynolds,4.8571,2.93
M Reynolds,4.5556,3.65
Vera Rhoads,1.25,3.72
Lauren Rhue,4.3333,3.55
Amir Riaz,2.4737,2.98
Brian Richardson,3.5,3.18
Derek Richardson,4.5,3.3
Joseph Richardson,4.0,2.96
Charlotte Richardson-Deppe,4.6667,3.65
Daniel Richter,3.5238,2.76
Jonathan Rick,4.1212,2.71
Lisa Rickard,1.0,3.6
Massimo Ricotti,4.1429,2.86
Whitman Ridgway,3.0,2.94
Tracy Riggins,4.3,3.49
Donald Riley,1.4,3.17
Riva Riley,5.0,3.97
Fernando Rios,4.0,3.45
Carlos Rios Ocampo,4.375,3.5
Cristina Risco,5.0,3.64
Jennifer Roberts,4.0,3.33
Scott Roberts,4.1176,3.4
Kellie Robertson,5.0,2.78
William Robin,3.2222,3.53
Angela Rodgers-Koukoui,5.0,3.69
Efrain Rodriguez,3.4286,3.06
Matthew Roesch,4.3333,3.62
LaRia Rogers,4.0,3.64
Kellie Rolstad,5.0,3.78
Steven Rolston,4.0,3.32
Nicole Romeiser,5.0,3.32
Rachel Romeo,4.0,3.77
Danilo Romero,2.65,3.24
Raluca Rosca,2.0758,2.56
Karin Rosemblatt,3.0,2.88
Anne Rosen,1.5,3.53
Jonathan Rosenberg,2.6383,2.96
Christian Rosendal,5.0,2.52
Deborah Rosenfelt,3.0,2.4
Daniel Rosenthal,4.1667,3.84
Laura Rosenthal,3.5714,3.02
Michael Ross,4.5179,3.2
Korey Rothman,3.4844,3.68
Nicholas Roussopoulos,2.6,3.12
Leslie Rowland,1.4,2.73
Todd Rowland,3.1429,3.06
Michelle Rowley,2.7143,2.79
Kevin Roy,4.9333,3.61
Nirupam Roy,3.3333,3.16
Rajarshi Roy,4.3333,3.12
Sougata Roy,5.0,3.3
Marsha Rozenblit,2.3529,1.83
Rellie Rozin,5.0,3.53
Thanicha Ruangmas,4.8462,3.71
Samuel Rubin,4.7813,3.79
Yanir Rubinstein,2.5,2.9
Gary Rubloff,4.0,3.65
Rachel Rudinger,2.5,3.2
Jason Rudy,3.6,3.41
Deni Ruggeri,4.2222,3.61
Kazim Ruhi,3.0889,3.01
Anne Rush,3.6667,3.0
Sherry Russell,4.0,3.36
Roland Rust,1.9,3.35
Ilya Ryzhov,2.0,3.1
Daniel Saalfeld,3.9444,3.4
Zahra Saboori,2.6667,3.43
Naomi Sachs,1.0,3.44
Pedram Sadeghian,3.6117,2.57
Takumi Saegusa,2.5833,2.92
Roald Sagdeev,4.0,3.65
Jesse Saginor,5.0,3.38
Vikas Sahasrabudhe,1.0,3.16
Hatice Sahinoglu,2.6129,2.49
Nadine Sahyoun,3.75,3.18
Nazish Salahuddin,4.5556,3.52
Ross Salawitch,5.0,3.7
David Salem,3.6667,2.18
Ilai Saltzman,4.3333,3.6
Hanan Samet,1.7857,2.64
Rachelle Sampson,5.0,3.09
Aliza Sandalon,4.6667,3.39
Peter Sandborn,3.9474,2.88
Robert Sanner,3.5172,2.73
Paolo Santorio,3.4118,2.11
Wayne Santoro,5.0,2.23
Shrihari Santosh,2.8889,3.2
Anita Sanyal,5.0,3.78
Sandra Saperstein,4.75,3.76
Amir Sapkota,2.8,3.2
Olivia Saracho,5.0,3.9
Naveen Sarna,3.1429,2.59
David Sartorius,2.4,2.39
Ingrid Satelmajer,4.1111,3.58
M Sauter,5.0,3.75
Steven Sax,4.5,2.25
Liana Sayer,4.3333,2.23
Stefania Scandizzo,3.0108,2.69
Giuliano Scarcelli,3.5455,3.34
Christine Schaaf,5.0,3.62
James Schafer,3.625,2.66
Amanda Schech,4.2476,2.96
Elizabeth Schechter,3.3,2.76
Allen Schick,2.0,3.56
Andrew Schiffmacher,5.0,3.8
William Schildknecht,4.9231,2.91
Rachel Schine,4.3333,3.24
Oliver Schlake,2.3429,3.52
Craig Schlenoff,4.8387,3.08
Nicholas Schmerr,4.0,2.86
Michael Schmidt,5.0,3.44
Scott Schmidt,5.0,3.23
Jeannette Schollaert,3.25,3.12
Andrew Schonebaum,5.0,3.08
Paul Schonfeld,1.5,3.25
Christine Schull,3.875,3.3
Robert Schwab,3.7241,1.98
Susan Schwab,5.0,3.39
Chloe Schwenke,4.5,3.64
Stephen Sclafani,5.0,3.82
Heidi Scott,4.375,3.54
John Scott,4.0,2.36
Rion Scott,3.4375,3.3
Campbell Scribner,5.0,3.09
Margaret Scull,5.0,3.17
Melvin Seale,5.0,3.77
Anita Seate,4.25,3.0
Carole Sebenick,4.6842,3.6
Lori Sefton,4.2037,3.71
Christopher Seitz-Brown,5.0,3.19
Steven Selden,5.0,3.93
Eun-Suk Seo,3.2222,2.35
Myeong-Gu Seo,4.2,3.19
Matt Severson,3.0909,3.33
James Seward,5.0,3.37
Nick Seybert,5.0,3.43
Paul Shackel,4.25,3.24
Alexander Shackman,5.0,3.62
Arjav Shah,4.4,3.67
Sahil Shah,5.0,3.69
Waqas Shah,1.0,3.79
Yasmeen Shah,2.5,3.33
Elia Shahbazi,1.75,3.08
Foon Sham,3.5,3.55
Shihab Shamma,4.5,3.41
Joshua Shannon,3.8,3.1
Debra Shapiro,2.2857,3.03
Leo Shapiro,3.3333,3.11
Paul Shapiro,4.2222,3.66
Katherine Sharp,5.0,3.36
Sydney Sharpstene,5.0,3.43
Peter Shawhan,3.8125,2.09
Mark Shayman,2.4667,2.76
John Shea,4.3393,1.86
Marybeth Shea,4.2273,3.76
Robert Sheehan,5.0,2.72
Sabeen Sheikh,4.125,3.7
Cecilia Shelton,4.6,3.14
Edmond Shenassa,1.875,2.93
Emily Shetty,4.6667,3.66
Xiaodong Shi,2.4286,3.44
Christina Shields,3.1667,3.38
Katie Shilton,5.0,3.56
Janet Shim,4.3333,3.55
Kate Shin,5.0,3.77
Adel Shirmohammadi,2.0,3.29
Ben Shneiderman,5.0,3.6
Marcia Shofner,3.6765,3.27
Stephanie Shonekan,5.0,3.78
Abhinav Shrivastava,4.0,3.54
Jeffrey Shultz,2.3333,3.6
David Sicilia,4.2857,2.93
Daniel Sidman,3.8333,3.27
Nekabari Sigalo,4.4286,3.31
Benjamin Silbaugh,2.5789,3.13
Charles Silio,2.7576,2.81
Jeremy Simmons,4.3,2.84
Anne Simon,3.3509,2.77
David Simon,4.8,3.01
Jonathan Simon,3.7,2.98
Madlen Simon,2.6667,3.42
Susan Simon,3.25,3.23
Sally Simpson,2.0,3.16
Alison Singer,3.25,3.2
Joshua Singer,2.6667,3.11
Sheetal Singh,2.0667,3.64
Rachel Singpurwalla,4.6364,1.84
Lawrence Sita,3.5556,3.13
Sergii Skakun,5.0,3.03
Miroslaw Skibniewski,1.8571,3.0
Radford Skudrna,4.5217,3.15
Andris Skuja,1.9048,3.27
Wayne Slater,5.0,3.24
Brandi Slaughter,2.3636,3.33
Robert Slevc,2.6667,3.57
Tyson Slocum,5.0,3.84
Eric Slud,2.5,2.51
Pablo Slutzky,3.0,3.4
Howard Smead,4.4906,3.21
Elisabeth Smela,2.2222,3.08
Cory Smith,5.0,3.17
Holly Smith,4.0,3.47
Paul Smith,2.3333,2.65
Robert Smith,5.0,3.28
Ryan Sochol,3.1579,3.73
Janna Soeder,3.9444,3.5
Philip Soergel,5.0,3.36
Sarah Sohns,5.0,3.63
Brent Solomon,3.1818,3.39
Hee-Jung Song,3.6923,3.18
Sining Song,4.8,3.59
Xiaopeng Song,4.3333,3.42
Maria Soppelsa,4.2222,2.67
Saul Sosnowski,3.5,2.92
Amanda Souna,3.8696,2.84
Veronica Sousa,5.0,3.65
Colenso Speer,3.25,3.06
Catherine Spirito,5.0,3.86
Michael Spivey,4.6,3.24
Annette Spivy,4.129,3.65
Thomas Spreen,5.0,3.37
John Sprinkle,5.0,3.87
Robert Sprinkle,1.0,3.39
Jelena Srebric,5.0,3.13
Aravind Srinivasan,3.7857,3.36
Ganesh Sriram,3.2143,3.32
Ankur Srivastava,3.7857,3.43
Beth St Jean,4.5,3.52
Allen Stairs,2.6364,2.32
Gregory Staley,4.3889,3.25
Charles Stangor,2.1944,3.62
Evan Starr,5.0,2.65
Daniel Stein,3.5,3.52
Julia Steinberg,3.8333,3.33
Carl Stepp,4.0,3.16
Yaron Sternberg,4.375,2.52
Adams Steven,1.0,3.41
L Stevens,4.125,1.21
Kathleen Stewart,3.4,2.95
Robert Stewart,5.0,3.94
James Stillwell,4.8,3.63
Morgan Stinson,5.0,3.21
Raymond StLeger,3.8824,3.41
Lenea Stocker,3.5873,2.48
David Straney,4.7273,3.62
Sara Strey,4.0,3.9
Kimberly Stroka,4.5,3.09
Justin Strom,5.0,3.7
Erich Studer-Ellis,4.3708,2.65
Vera Stupina,3.5,3.2
Jennifer Sturge,5.0,3.66
I Suadin,5.0,3.75
Musa Subasi,4.3333,2.49
Sergei Sukharev,2.6061,3.23
Gregory Sullivan,4.0,3.28
Jon Sumida,4.5,2.55
Laixiang Sun,5.0,2.9
Robin Sundaramoorthy,5.0,3.56
Peter Sunderland,3.3684,3.34
Nishanth Sunny,3.75,3.55
Jessica Sunshine,4.7273,3.14
Matthew Suriano,4.9167,3.38
Stacy Surla,4.0,1.28
Alan Sussman,3.5455,2.44
Donald Sutherland,3.25,2.7
Daniel Swann,2.8182,3.25
Andrew Sweeting,2.5,2.36
Piotr Swistak,3.3333,2.63
Anna Szczekutowicz,4.4231,2.8
Anna Szczepaniec-Bialas,3.5556,3.52
Heven Sze,2.0,3.18
Anat Szendro Sevilla,2.4118,3.3
Nathaniel Tablante,5.0,3.84
Eitan Tadmor,3.0,2.76
Sarah Tahamont,2.9375,3.02
Ichiro Takeuchi,4.0,3.01
Prabahkar Tamboli,5.0,3.36
Christopher Tamborini,5.0,3.21
Harry Tamvakis,4.0909,2.79
Xin Tao,5.0,3.75
Yang Tao,3.7,3.69
Mercedes Taylor,4.4,3.44
Natalia Tchetcherina,2.8571,2.75
Colleen Terpos,2.1538,0.0
Kevin Tervala,5.0,3.53
Chandrasekhar Thamire,4.1389,2.71
Eric Thiel,4.1429,3.66
Marie Thoma,5.0,3.72
Matthew Thomann,5.0,3.63
David Thomas,3.0,3.47
Roy Thomason,3.75,3.69
Eliza Thompson,2.8333,3.07
Katerina Thompson,4.0909,3.37
Le-Marie Thompson,2.0714,3.61
Tracy Thompson,4.0,3.51
David Tilley,3.8,3.56
Vladimir Tismaneanu,4.9,3.83
Andre Tits,3.2273,2.19
Vijay Tiwari,5.0,3.39
Pratyush Tiwary,5.0,3.48
John Tobin,4.25,3.36
David Todd,1.875,3.35
Pratap Tokekar,4.0,3.44
David Tomblin,4.6923,3.72
Tracy Tomlinson,3.1343,3.18
Richard Toohey,3.6,3.44
Lauren Trakhman,5.0,3.55
Erin Tran,3.25,3.34
Van Tran Nguyen,3.0,3.68
Joannie Tremblay-Boire,2.4545,2.97
Steven Tretter,2.6667,2.6
Rodrigo Trevino,3.0,2.75
Jamie Trevitt,2.7778,3.39
Kerry Tripp,3.7391,3.42
John Tritschler,5.0,3.62
Konstantina Trivisa,3.6667,2.69
Scott Trudell,4.75,2.95
Kathryn Truman,4.25,2.25
Michael Trusov,3.6667,3.07
Mayron Tsong,1.0,3.74
Eleonora Tubaldi,2.1,2.42
Kate Tully,5.0,3.51
Tunay Tunca,5.0,3.0
Niratcha Tungtisanont,4.0,3.14
Candace Turitto,4.4,2.49
Fanita Tyrell,3.8,3.61
Margaret Udahogora,1.5714,3.28
Neslihan Uler,4.4,3.43
Sennur Ulukus,3.8,2.58
Haluk Unal,2.0,3.38
Arpita Upadhyaya,3.7143,3.08
Juan Uriagereka,3.8333,3.13
Sergio Urzua,2.8182,1.8
William Usher,4.0,3.22
Eric Uslaner,1.6,2.99
Dennis Vacante,5.0,3.64
Colleen Vacelet,3.25,3.3
Curtis Valentine,3.6667,2.74
Gianna Valentino,5.0,3.22
Vessela Valiavitcharska,5.0,3.04
David Van Horn,3.68,2.7
Victoria Van Hyning,4.0,3.65
Rachel VanDaalen,4.0,3.51
Dennis vanEngelsdorp,4.6667,3.38
Monica VanKlompenberg,3.3333,3.02
Robert Vann,3.2,2.9
Reeve Vanneman,2.6,2.81
Krishnan Vasudevan,5.0,3.72
Alireza Vaziri Rahimi,4.25,3.37
Andrei Vedernikov,2.7123,2.65
Sylvain Veilleux,4.2222,2.94
Maria Velez,3.5,2.94
Sara Via,2.1463,3.07
Miguel Vilar,4.7143,3.71
Stefano Villani,4.7,3.02
Daniel Vincent,3.1333,2.02
Uzi Vishkin,3.0,2.78
Siva Viswanathan,3.3333,1.71
Jessica Vitak,3.0,3.41
Stuart Vogel,4.4615,3.13
Alicia Volk,2.1538,3.01
Michelle Von Euw,2.3571,3.05
Tobias von Petersdorff,3.5769,2.7
Eric Wachsman,2.0,3.0
Mamadou Wade,3.1667,3.47
Janet Wagner,1.5,3.37
Travis Wagner,5.0,3.62
David Waguespack,5.0,2.95
Edo Waks,3.8889,3.31
Selvon Waldron,4.6,3.79
Margaret Walker,5.0,3.7
Olga Walker,4.25,3.58
Jennifer Wallace,3.7,3.37
Jacqueline Wallen,3.1667,2.99
John Wallis,4.0,2.01
Christopher Walsh,5.0,3.19
Shane Walsh,4.5789,3.37
Ronald Walsworth,1.0,3.85
Christina Walter,4.5,2.89
William Walters,4.0,3.65
Chunsheng Wang,2.0,3.46
Dongdong Wang,1.0,2.93
Jian Wang,1.0,3.42
Lai-Xi Wang,3.875,2.39
Min Wang,3.3333,3.02
Min Wang,3.3333,3.02
Orrin Wang,1.6,2.8
Ping Wang,2.5,3.52
Qin Wang,4.4286,2.93
Sebastian Wang,2.2,3.5
ShiaauLir Wang,5.0,3.21
YuHuang Wang,2.6471,2.39
Yuli Wang,4.1429,3.26
Yu-Wei Wang,2.0,3.87
Joseph Wappel,4.3333,3.68
Anne Warren,4.0,3.67
Katherine Wasdin,4.1765,3.43
Susannah Washburn,4.8182,3.7
Lawrence Washington,4.8571,3.49
Mary Washington,3.0,2.6
Lakeshia Watson,5.0,3.85
Rachel Waugh,5.0,3.72
Kathy Weaver,3.6667,2.55
Joseph Weber,5.0,3.23
Shana Webster-Trotman,1.6667,3.29
Michel Wedel,4.0,3.56
Hannah Wegmann,5.0,3.24
Raymond Weil,3.8,3.04
Halli Weiner,5.0,3.63
Joshua Weiner,4.1818,3.63
David Weintrop,5.0,3.41
Joshua Weiss,4.6667,3.24
Rob Wells,4.6,3.25
Frederick Wellstood,4.3333,3.22
Jacob Wenegrat,5.0,3.01
Richard Wentworth,3.2593,2.99
Norman Wereley,3.6667,3.28
Russell Wermers,5.0,3.02
Clarence Wesley,2.7826,3.42
Jennifer Wessel,5.0,3.6
Joshua Westgard,4.0,3.19
Christine White,2.5625,3.39
Frank White,2.8,3.05
Ian White,4.5,3.29
Natalia White,2.6129,2.78
Susan White,3.6538,3.17
Tony Whitehead,2.0,3.14
Scott Wible,5.0,3.23
Patrik Widrig,5.0,3.67
Peter Wien,3.5,2.79
Allan Wigfield,5.0,3.66
Jay Wilcox,5.0,3.47
Blake Wilder,4.0,3.14
Sara Wilder,5.0,3.14
Kiley Wilfong Cullen,4.75,3.64
Caroline Wilkins,3.4286,3.48
Gerald Wilkinson,2.2,3.26
Alexander Williams,3.8,2.69
Clarence Williams,3.0,1.78
Daphne Williams,5.0,3.44
Ellen Williams,2.0,3.43
Joseph Williams,3.1111,2.73
Kendall Williams,3.5042,2.36
Laura Williams,3.7273,2.91
Natasha Williams,2.6667,3.43
Roberton Williams,2.0,3.07
Psyche Williams-Forson,5.0,2.07
Caro Williams-Pierce,4.75,3.18
Derek Willis,5.0,3.56
Henry Willis,4.6667,3.79
Jared Wilmoth,5.0,3.9
Peggy Wilson,5.0,1.61
Sacoby Wilson,1.0,3.26
Allen Winkelmann,3.3077,3.03
Wade Winkler,5.0,2.49
Dennis Winston,4.4545,3.37
Eric Wish,3.1951,3.34
Kevin Wisniewski,5.0,3.68
Peter Witte,5.0,3.51
John Witzleben,3.5,3.6
Taylor Woehl,4.5,3.16
Patrick Wohlfarth,4.2353,3.21
Sonney Wolfe,5.0,3.65
Stephen Wolniak,5.0,3.31
Andrew Wolvin,5.0,3.45
Edlie Wong,5.0,3.38
Janelle Wong,4.8182,3.37
Wiseley Wong,4.4167,2.98
Hadiya Woodham,3.5,3.58
Carly Woods,4.5,3.49
Benjamin Worsley,5.0,3.18
Alec Worsnop,5.0,3.51
Jerry Wu,3.5,3.39
Louisa Wu,3.9429,3.58
Min Wu,4.0,3.06
Xiaodi Wu,4.3333,2.88
David Wyatt,4.5,3.28
Maria Wydra,5.0,3.48
William Wyllie,5.0,3.46
Rexanah Wyse Morrissette,3.5,3.31
Justin Wyss-Gallifent,4.7172,3.04
Jowita Wyszomirska,3.6,3.13
Shunyuan Xiao,4.8333,3.58
Zhengguo Xiao,4.6667,3.66
Min Xie,1.0,3.54
Yiqun Xie,5.0,3.34
Mumu Xu,1.7857,3.18
David Yager,3.6364,2.76
Victor Yakovenko,4.3,3.03
Bao Yang,3.375,3.74
Chenyu Yang,3.0,2.09
Haizhao Yang,3.875,2.61
Liu Yang,5.0,2.81
Xianfeng Yang,4.3333,3.52
Sajeela Yaqub,3.1667,3.05
Ronald Yaros,3.6364,3.6
Stephanie Yarwood,4.8,3.81
Joseph Yasharoff,5.0,3.8
Allan Yashinski,4.5854,2.71
Idil Yaveroglu,4.7,3.54
Keith Yearwood,3.5128,2.81
Donald Yeung,4.7895,2.5
Lance Yonkos,4.9231,3.83
Ilchul Yoon,2.4085,2.41
Denitsa Yotova,2.375,3.11
Lindsay Yotsukura,4.5,3.19
Jarred Young,3.4651,3.37
Bardia Yousefi,5.0,3.79
Cunxi Yu,3.7143,3.29
Kenneth Yu,4.5,3.14
Liangli Yu,4.0,3.62
Miao Yu,3.125,3.48
George Zaki,3.0,3.08
Kawthar Zaki,5.0,3.51
Eric Zakim,2.25,3.0
Mark Zakota,4.3333,2.97
Ruth Zambrana,1.0,1.8
Xin Zan,5.0,3.33
Tracy Zeeger,3.8667,3.41
Quira Zeidan,5.0,3.83
Carina Zelaya,4.0,3.58
Shannon Zellars Strohl,4.75,3.35
Thomas Zeller,3.4,2.84
Ning Zeng,4.5,3.22
Yantian Zha,1.0,3.33
Boyu Zhang,2.8,2.91
Da-Lin Zhang,5.0,3.12
Hongyi Zhang,4.0,3.69
Jie Zhang,4.5455,3.63
Kaiqing Zhang,4.3333,3.11
Kunpeng Zhang,1.0,3.52
Li-Qun Zhang,2.0,2.78
Lu Zhang,4.8889,3.46
Ting Zhang,4.3333,3.26
Yunfeng Zhang,5.0,3.27
Bo Zhou,5.0,3.59
Minglang Zhou,1.0,3.06
Naijun Zhou,4.08,3.26
Tianyi Zhou,2.4762,3.32
Mengqiang Zhu,4.0,1.81
Wenlu Zhu,5.0,3.05
Yihang Zhu,2.5,2.75
Lamia Zia,5.0,3.78
Christian Zickert,3.0714,2.57
Madeline Zilfi,4.3333,2.73
Jo Zimmerman,4.3333,3.7
Aubrey Zinn,4.625,3.25
Barbara Zocal Da Silva,5.0,3.0
Linda Zou,4.6667,3.47
Sarah Zsak,3.6667,3.32
Emanuel Zur,4.75,2.41
Matthias Zwicker,5.0,3.58
